Title,URL
Web Developer/Software Engineer -- Exciting Opportunity!,http://sfbay.craigslist.org/sfc/sof/5602430325.html
Software Engineer,http://sfbay.craigslist.org/sfc/sof/5602038500.html
"Senior Software Engineer, Platform @ Pantheon",http://sfbay.craigslist.org/sfc/sof/5601958828.html
Software Engineer - Full Stack @ Lantern,http://sfbay.craigslist.org/sfc/sof/5601944637.html
Software Developer / Engineer,http://sfbay.craigslist.org/sfc/sof/5600427773.html
Software Engineering Manager,http://sfbay.craigslist.org/sfc/sof/5594431959.html
Senior Software Development Engineer in Test (SDET) - Databases,http://sfbay.craigslist.org/sfc/sof/5594275903.html
Software Engineer,http://sfbay.craigslist.org/sfc/sof/5602577533.html
Senior Software Engineer at Geli,http://sfbay.craigslist.org/sfc/sof/5591204738.html
Software Engineering Manager,http://sfbay.craigslist.org/sfc/sof/5591199129.html
Senior Full-Stack Software Developer,http://sfbay.craigslist.org/sfc/sof/5590350727.html
Software Developer,http://sfbay.craigslist.org/sfc/sof/5579582849.html
C/C++ Software Engineer-Next Gen Digital Media Systems,http://sfbay.craigslist.org/sfc/sof/5579465014.html
Senior Operations Engineer,http://sfbay.craigslist.org/sfc/sof/5604224727.html
Back End Web Developer,http://sfbay.craigslist.org/sfc/sof/5604113736.html
CTO,http://sfbay.craigslist.org/sfc/sof/5604015304.html
DevOps Engineer,http://sfbay.craigslist.org/sfc/sof/5602495655.html
DevOps Engineer,http://sfbay.craigslist.org/sfc/sof/5602030145.html
Engineering Manager - Platform @ Sauce Labs,http://sfbay.craigslist.org/sfc/sof/5601987846.html
Software Engineering Manager,http://sfbay.craigslist.org/sfc/egr/5601928595.html
"Senior Java Engineer, Web App Services",http://sfbay.craigslist.org/sfc/sof/5601930236.html
Director of Quality Assurance,http://sfbay.craigslist.org/sfc/sof/5601703543.html
Director of Product,http://sfbay.craigslist.org/sfc/sof/5601692438.html
Ruby Software Engineer Req # 1605,http://sfbay.craigslist.org/sfc/sof/5571960203.html
Senior Full Stack Engineer opportunity at Teespring,http://sfbay.craigslist.org/sfc/sof/5600882756.html
Senior Software Engineer - Infrastructure,http://sfbay.craigslist.org/sfc/eng/5600367816.html
Executive Assistant to Cutting-Edge Software Company -- to $120K,http://sfbay.craigslist.org/sfc/ofc/5596277777.html
EMR Trainer/Analyst,http://sfbay.craigslist.org/sfc/sof/5596146023.html
Application Architect,http://sfbay.craigslist.org/sfc/sof/5594827597.html
Software Engineering Manager,http://sfbay.craigslist.org/sfc/egr/5594432689.html
"Senior Java Engineer, Web App Services",http://sfbay.craigslist.org/sfc/sof/5594429385.html
Seeking a hands-on Data & Evaluation Manager,http://sfbay.craigslist.org/sfc/sof/5593051119.html
Mobile Hybrid Coordinator,http://sfbay.craigslist.org/sfc/sof/5592974956.html
Python Engineer- Self Driving Cars,http://sfbay.craigslist.org/sfc/sof/5592560752.html
SR Software Eng - DevOps at Mode Analytics,http://sfbay.craigslist.org/sfc/eng/5591422593.html
"Senior Java Engineer, Web App Services",http://sfbay.craigslist.org/sfc/sof/5591192177.html
Operations Technician,http://sfbay.craigslist.org/sfc/sof/5590739733.html
Survey Programmer / Analyst SF or RWC,http://sfbay.craigslist.org/sfc/sof/5590344094.html
Ruby on Rails Engineer,http://sfbay.craigslist.org/sfc/sof/5589998077.html
Looking for iOS developers for SF based early-stage startup,http://sfbay.craigslist.org/sfc/sof/5589878915.html
EMBEDDED SOFTWARE/FIRMWARE ENGINEER,http://sfbay.craigslist.org/sfc/egr/5589272798.html
Software Dev. Tutor Jobs Available - Chegg Tutors,http://sfbay.craigslist.org/sfc/sof/5570116084.html
Startup Company Looking for Talented Software Developers (AngularJS),http://sfbay.craigslist.org/sfc/sof/5564478810.html
Software QA Tester (Contract),http://sfbay.craigslist.org/sfc/sof/5568779176.html
craigslist seeks Quality Control team members,http://sfbay.craigslist.org/sfc/sof/5480679058.html
Senior Infrastructure Engineer,http://sfbay.craigslist.org/sfc/sof/5603751696.html
Senior Storage Infrastructure Engineer,http://sfbay.craigslist.org/sfc/sof/5603747906.html
Python/Django Software Engineer,http://sfbay.craigslist.org/sfc/sof/5563028675.html
Love cars? Full Stack Mobile Dev? This is for you,http://sfbay.craigslist.org/sfc/sof/5602635008.html
Windows Server Administrator,http://sfbay.craigslist.org/sfc/sof/5602322407.html
SQA Engineer,http://sfbay.craigslist.org/sfc/sof/5584947861.html
DevOps Engineer,http://sfbay.craigslist.org/sfc/sof/5602118154.html
Backend Engineer,http://sfbay.craigslist.org/sfc/sof/5602107785.html
Fullstack Engineer,http://sfbay.craigslist.org/sfc/sof/5602093385.html
Fullstack Engineer-Ruby/Rails,http://sfbay.craigslist.org/sfc/sof/5602084420.html
Linux Administrator I,http://sfbay.craigslist.org/sfc/sof/5602033113.html
Product Designer @ Lantern,http://sfbay.craigslist.org/sfc/sof/5601943077.html
Sr. Drupal Developer,http://sfbay.craigslist.org/sfc/sof/5584162098.html
Work From Home Freelance Sourcing Position,http://sfbay.craigslist.org/sfc/sof/5601044527.html
UI Developer,http://sfbay.craigslist.org/sfc/sof/5600326792.html
Seeking Hourly Salesforce.com Administrator for Customization Requests,http://sfbay.craigslist.org/sfc/sof/5600085748.html
Database Administrator II,http://sfbay.craigslist.org/sfc/sof/5583393109.html
Corporate Engineer - Telephony at Yelp!,http://sfbay.craigslist.org/sfc/sof/5582997273.html
Software Expert - Java,http://sfbay.craigslist.org/sfc/sof/5561437323.html
Senior Software Engineer,http://sfbay.craigslist.org/sfc/eng/5581723974.html
Mobile App QA Tester,http://sfbay.craigslist.org/sfc/sof/5596376073.html
Switchfly is Hiring for a Senior Software Engineer!,http://sfbay.craigslist.org/sfc/egr/5580126707.html
Web Application Security Engineer,http://sfbay.craigslist.org/sfc/sof/5579956621.html
Full Stack Javascript Developer [Remote OK],http://sfbay.craigslist.org/sfc/sof/5595941699.html
Fullstack (Python +JS) Engineer for digital health startup,http://sfbay.craigslist.org/sfc/sof/5595764007.html
Android Developer - Next Gen Digital Media Systems,http://sfbay.craigslist.org/sfc/sof/5579466760.html
'BREAK THE SYSTEM' - Software Engineer,http://sfbay.craigslist.org/sfc/sof/5559147581.html
Senior Systems Engineer,http://sfbay.craigslist.org/sfc/sof/5593858591.html
Business Analyst - Spanish Speaker,http://sfbay.craigslist.org/sfc/sof/5578420032.html
Software Company seeking motivated salespeople. $350-$500 per sale,http://sfbay.craigslist.org/sfc/sls/5577965830.html
Testing / QA / Support Analyst,http://sfbay.craigslist.org/sfc/sof/5577699066.html
Sr. Integrations Engineer,http://sfbay.craigslist.org/sfc/sof/5593016210.html
Game Testing at a San Francisco Start-Up,http://sfbay.craigslist.org/sfc/sof/5592952445.html
Lead Software Engineer - .Net,http://sfbay.craigslist.org/sfc/sof/5558354742.html
Share your tech expertise w/ kids this summer!,http://sfbay.craigslist.org/sfc/sof/5591348178.html
Software Developer / Engineer,http://sfbay.craigslist.org/sfc/sof/5558206547.html
Ruby on Rails Backend Developer / Contractor,http://sfbay.craigslist.org/sfc/sof/5591264653.html
UI Developer,http://sfbay.craigslist.org/sfc/sof/5591147218.html
Senior Storage Infrastructure Engineer,http://sfbay.craigslist.org/sfc/sof/5590062493.html
Senior Infrastructure Engineer,http://sfbay.craigslist.org/sfc/sof/5590059500.html
Mobile Application Developer,http://sfbay.craigslist.org/sfc/sof/5589788096.html
"Senior Java Engineer, Web App Services",http://sfbay.craigslist.org/sfc/sof/5574051830.html
Software Engineering Manager,http://sfbay.craigslist.org/sfc/eng/5574046135.html
"Test Automation Architect (python, downtown SF)",http://sfbay.craigslist.org/sfc/sof/5573355506.html
Senior Software Engineer,http://sfbay.craigslist.org/sfc/ret/5573340775.html
iOS developer / co-founder wanted,http://sfbay.craigslist.org/sfc/sof/5585867826.html
LinkedIn UI Engineer,http://sfbay.craigslist.org/sfc/sof/5572239373.html
Director of Product,http://sfbay.craigslist.org/sfc/sof/5572138025.html
Senior Application Development Analyst (JO #4214),http://sfbay.craigslist.org/sfc/sof/5572005470.html
Mobile App Developer - For Leading Development Firm,http://sfbay.craigslist.org/sfc/sof/5584941386.html
Senior Data Scientist (Image Processing),http://sfbay.craigslist.org/sfc/sof/5584481755.html
Salesforce Engineer,http://sfbay.craigslist.org/sfc/sof/5583304569.html
Fullstack Engineer,http://sfbay.craigslist.org/sfc/sof/5583296638.html
Corporate Engineering - Network Engineer at Yelp!,http://sfbay.craigslist.org/sfc/sof/5583010597.html
Senior Network Engineer who has WEB SCALE EXPERIENCE,http://sfbay.craigslist.org/sfc/sof/5582957821.html
